id;primeiro_nome;ultimo_nome;endereco_linha_1;endereco_linha_2;data_inicio;telefone;telefone_emergencial;email;banco;iban
1;bogus frankly camp;genuine brr;how;where;2024-01-03;as now;lost;Isabelly.Pereira11@bol.com.br;circa chatter;LV62YSCU67PU876887G52
2;convey until processing;that bowed adjourn;whenever ah jar;generously;2024-01-03;purchase round;tarnish seller notwithstanding;Lorena.Costa16@bol.com.br;feline;SI68500470010037590
3;since shift;incidentally;upon fiercely outside;overjoyed;2024-01-02;oh worry whether;heavily;Henrique_Braga@live.com;whoa gee regarding;EE662524889805010481
4;youthfully woot although;whose how;shutdown way;reformulate;2024-01-02;from inborn as;proceedings;Caua.Braga71@gmail.com;underwire;GT02302543Y74YF15N4US74A083R
5;damaged orderly till;down;hat defiantly;unnecessarily versus revolve;2024-01-02;sans elated;outside fiercely;Isabelly37@yahoo.com;uh-huh;FO1927609001810007
6;tame;athwart pro ah;derivative;uh-huh like fondly;2024-01-02;far;forewarn;Rafaela79@bol.com.br;till mmm;AE340352780033328967008
7;feature yippee indeed;pfft human;keenly ew;drat;2024-01-03;until into;around unto between;Heitor63@live.com;whereas kissingly;GE13HW8801070602003056
8;that after apprehensive;miserably hearty;when;blunder ah dynamite;2024-01-02;poorly manifestation garbage;dramatic;Suelen.Barros62@live.com;before husband blah;PK06CEMW0080400860466191
9;below although pro;although minus canvas;fruit mid;resit eek needily;2024-01-02;promptly forthright;inasmuch immediately;Lorraine_Franco@hotmail.com;limber assert or;NO3107951808058
10;torpedo;perky;revitalise lively;outside threadbare promulgate;2024-01-02;fasten;however;Lorena32@bol.com.br;greet upon oh;LT520012411668699868
